user,followers
twesports,71
danyuv_lion,1005
koncraad,55
dogarbg,222
deezedoesit01,61
oficialsun_n,49
kraytosthegod,56
militaryspagooti,11
wormskull,235
kbergz,114
mezzaa,357
itskynetic,178
fluyr,89366
eukaryote,524
potatosauce93,118
mr_hansen,325
kendaxz,649
senseireap3r12,34
mythicalforce,58
erneskerimov1,6
rapperdan93,106
grizzlygascan,6
chrvs_,17
bug1scsgo,3
garrettpictures,849
pabloskywolker,7
etodaexile,35
the_linkey,61
bonti,25
dale0,49
slaffsword,5559
temcsg,136
cjn9,91
rickrosscake,12
steveishigh1,39
ideffender,4
itsdubsta,8
bulkyj,23
dcrook,71
superstoves,1433
peyjeh,75
minusscs,211
ashcoolpro,15
thiccboihesus,2
cram202,3
areal_person_and_not_abot,9
zinatinashikitemo,29
sparky_xo,26
infernomoc,31
deadboynevermind,1
sleepshot,1208
samyi,3
texerino,2739
evasquez_16,53
vedel2,15
dollha1r,127
ematics,1199
karmavosey,50
logansh1,38
scrubbuttz,143
pnkth,84
kaiguy69,75
a7skyline,87
ordeallive,110
pinay06,2414
tallboyttv,72
vidiag,10
looiqihui,64
michellefrecklz,13
gatodebotasgames,242
konii,925
jaaasuon,46
nikachilla,91
olafjanus,113
pancak3e,4
void_daddy,337
adhdequangames,4
virtus,6711
mistaken_tv,80
yoloscrap,3696
csdownfall,294
truthandhonestymyfriend,35
ritchiecs,416
mryoungbuckiepoo,287
scottrodriguez127,7
ymodern,83
karamzza,229
skuffatv,776
munchymane,24096
brito_authentic,129
hokagezachypoo,355
ettacs,1111
bluggy22,16
mbussy,69
fara_cofeina,74
chidzotv,114
kinky2g,139
drewby_,195
improxeh,870
oumiikahvi,16
hartw1g,66
yozenqah,35
arzee_cs,109
fl0m,449359
dmo_cs,128
zorbs,1325
canplayr,104
theofficialh2w,78
xiatis,127
n1ghtyfr0sty,15
dr4xisdumb,7
happyherbtv,31
paradox_found,46
sgpamaar,39
sirwoolli,1
sgares,158549
dvrkred,75
twomad,150783
nukkye,7941
bpart,75
optravels,268
mrhybreed,109
sn0wzao,56
matty25,2802
jaebtv,75
hilda_swag,17
forzetukas,8036
ogzachtv,105
bonafidedonut,41
rapozacs,27
stormyxd,37
rax_game,27
kridelch0,13
abattoir142,148
ithemanturk,72
welp_x,25
zeph999,99
catinthesink69,106
purplenotjoe,37
slowdown_tv,15
drus9,58
z3r0playsgames,511
aesthetic1g,1254
official_zonii,578
nofears85,334
isaacnewtongaming,3615
thebriggslol,117
ytgevandiotaku,5
dchiclancy,13
nikhilau,8
melbigmike,70
cheeeboiii,210
dr34m706,44
hyuimichan,1094
axioscs,717
zexopher,118
321journey,5
injesterr,96
ukrit,47
sesmic27gamingph,28
jhonytarik,0
kokoyashi,1163
jonnysinztv,116
deyziskelet,64
7merx,109
akadeadpool34,30
dapr,6820
nipster_,1619
sawkytv,336
zellerrrr,87
tvtaavi,28
preelode,114
goforthemango,25
missmadchicken,68
czars,14
abitab,898
csrazr,170
beardeddru,160
dafunq_,155
loljks,303
zesttyr,52
joababoa,15
kiocsgo,145234
golddigger48,36
zink4n,309
jango2,18
taintfulz,85
relyk18,101
luck_complete,51
99damage2,37177
grandeowo,2038
imperialplayer3,6
ymikept,5
emgflow,18
1_3_rof_3_7,27
zfancyman,15
neonet_streams,7
theicyblaze,144
viet_,89
jarrex_tv,167
friskuss,335
katzency,737
screwg_,280
zoomblu3,59
matotim,15
wolfy_96,22
shanicelove,638
lightofshoal,8
abscondedboy,33
0fireking0,145
voocsgo,8244
gamingpandamr,168
n1p1csgo,20
nacsss,11
stuistheman,20
sadboykim,34
mammmm,22
mendo_tv,47
jordanmp,7
targetlocated,27216
protype8,2
ro0kie_tv,3633
b3ntothemax,5
tianastacia1,18
fatalmaxwell,98
jaffac97,90
kamocsow,53
funkyggwp,35
shagyoursheep,3
taylor101341,24
daddy_skittle,55
nelsyswood,62
laytondaltonyt,528
joeybaad,206
prtzul,272
creef_channel,21
d0mechaos,159
dado_1,3
opgodgamer,391
dri094,3
g_g_gam3r,87
ice_bank__mice___elf,1
skizzyaus,311
witnessshadowz,6
dhoomb52,42
genesisharana,225
hermo64,139
andrestebbi2,6
liikajalka,17
m1ndlink,331
ghoastz,145
donnie_ttv,109
herroop,400
ob1csgo,84
its_classified_,11
jimmysjim,134
babo_ow,242
jannu39,74
irishgoddess1991,1951
smokey014,119
jjason135,361
kyozer,107
unch0kedcs,9
silenzi_oh,89
fellgor,117
gamesrightnow,25
ace_axgaming,5
chicken_lv21,3
skebo,2338
puttzybeast,54
jokerwr17,73
twitchmedia2,187
notsparrow25,34
thederpyherpes,22
pikkujonne123,3
jerseypiney,91
arlenfn,116
sryche,62
jazzys465,11
rarolaserhardcore,3
bozzin8r,196
shaynepain,109
rednax1,16
entendu_,18
ossi_s,46
osmn,196
lelkaka,46
lilbiz61,58
engelundcs,873
slight___,249
jollivee02,452
headless_crow,137
acleptic,899
strafe_wcgw,58
hoopsmcfly,72
you_boosted,76
margarisav,31
imchachini,26
whatsdoge,25
den4ie,1742
neighbs,562
bongrips_,106
gergalicious,12
twisted104,23
r3hab3000,162
thepr0phet_,187
nattcsgo,34
hayek99,275
spasticgopnik,0
stayloh,12
dingleburri,93
yayglr,104
skzo_tv,507
smileyb,143
suhybt,141
mimimimichaela,128509
vigilancegaming1157,17
pillzco,10
starladder_cs_pt,73397
branoractv,198
icampaloti,741
farooqi24,21
nutasaurus_,10
paaaa1n,1
gunn3r__,457
laurenliciouscs,107
shinsterrr,224
ttv_maniacvision,32
heucexd,697
sachiowo,6586
whalekat,22
nazzerator,1722
gambitopie,32
park9to6,6
fedsiitv,1071
drspiffy_,64
waterhead370,124
natt0iq,39
maygin,607
shaunio,93
nyantasan,52
andre_judd,765
k11365,252
monster3421,10
highdrati0n,18
btvgth,102
fragosusdevil,73
iplayshin,64
rheewind,119
nexcsgo_,466
juozasgaming,111
wesleyjyau,21
thiccdade,157
rundownroyal,16
jjnemesisx,6
freeeakycreeaky,24
conesack,24
conshee,4
scr1pt__cs,155
stroier1,84
lahvigee,8
dangerousdrakon,1
awesomenessispure,8
casualcutey,65
orlie28_,117
zglaiz,3
ik1dyounot,2189
bruuu,194
emuhleet,16185
s0mcs,125962
harakokun,7
japurple,62
nilowcs,29
teabagman,658
themegl,69
co1tonxd,12
nayfar,477
nwesorg,1329
st3x0,0
sasageyo_,203
mikkelbop,177
dying1,58
flomac9,213
nozoke,115
bro01,9
no_onee,15022
figgy_tv,249
vanillaiceyyy,15
wickeddinosaur,2878
lallerobh,24
zen2k14,59
lucid1hp,714
babbleonbcd,364
yewshiungg,16
dingoislive,22
bedtimeh,29
rtm349,22
blooperlive,27
jkfrankel,74
thickpoo,17
raidxoxo,501
miyaooooo,18
rastafary1337,18
stellenyqtr,37
szeiyu,81
svenman87,14
cheizcs,4
topa_official,615
grimface123,26
finepo1nt,15
jul1w10,8
soflokreygz,3
afflixs,155
rozv,101
br1goth,94
omittedhardcore,52
brienanabanana,207
kimeria2,2
wyldmoose,32
squaremason1,122
billydoyle,26
thedankcheddar,10
jkimtrollin,1
gamerthenoobz_official,0
toranic2704,58
kukicrunk,244
kimininini,24
steveclaus,56984
stacks_tv,375
mallcopkid,79
jonnnynunes,54
bunybuggz,0
colinhaaa,154
shredxstudios,39
faildprodigy,67
puretx,23
11dog,2746
stob1ecs,69
drezica,57
only4science,40
lyraedan,92
realfishyr6,40
ot_index,133
hector22122,4
caattiiee,183
eileeen,494
luiszeiira,1
omniderpy,110
fuqgirl,274
heyfurekt,54
jollymcdo,1171
cgztvt,4
budsmurf,106
marshmallowchick,82
metthhtv,172
kroneegod,32
manickdreams,60
skivy350,782
babymal,4
itsjest,64
mwas_scarface,21
mayker_562,40
yuriyzakk,466
dylanthedoc,89
jmn98,330
socom7,136
peepeehandsxd,38
physicxlive,33
vitoismyname,15
nlvguy,37
theslyleon,5
dyranium3,232
sas_kwatch,52
soge__,625
1ckk,142
pilot_k,4
fixedinho,301
xvash187,50
kingweezh,2519
krisskodihann,10
t0mmytv,1315
beta_2017,10
stumpsgaming,733
allinone51,6
gainez,131
plobbs,157
zeveliouscs,2436
peanut95_,27
senpaiwho03,38
wagdoh,180
novombor,2
mrvalentino5,9
doodadswindl3r,11
bogdanmal591,95
anarchyhkstv,65
dilpyckle323,2
respectedits,74
mrdieseltv,106
deanosthejet,6
teddk,416
mclive,548
aeegee,681
holymolypt,530
ciscokid1095,5
halfdrunkhero,331
djkhalid,73
hypedad32,27
munkostv,173
pakifood,1
1mannym,310
iambrad,339
livuroxd,8
winbie,373
awpurtunitycs,116
tvdropped,28
bo_jiliarmeister,75
sokolenochek,5
goooseytv,4
z1ftp420,17
jaaashhh,29
vico_hunter,5
quinten422,27
thepattrn,56
tafunn919,13
sabritas5,650
karabasakastarina,1
nerzsa,47
nappecsgo,148
nviluvu,30
swiftyyttv,89
disanthr077,5
ujggjt,15
therealgamerbunny,838
raddtrap,196
flunkgod,19
tmi98,145
akabergy,3
nom_cs,69
lolnani,5953
trippy_mythics,450
officialtrevl,3936
topelmoo,3
thegamingyooper,13
jelloexpress,16
pedwon,156
externot,5
chex_jojo,180
captain_jim420,1128
dnkybc,5
cool_star05,23897
eternalshipwreck,200
crunchyomelette,16
